name,cpu_raw,ram_raw,storage_raw,screen_size_raw,weight_raw,price_raw,mall_count_raw,detail_url,scraped_at,price,ram_gb
삼성전자 갤럭시북6 NT740VJQ-A58A,인텔 / 코어5 / 315 (4.4GHz) / 15TOPS,8GB,SSD 256GB,35.6cm(14인치),1.35kg,"1,329,990원",32몰,https://prod.danawa.com/info/?pcode=124012178&cate=112758,2026-09-28T15:53:07.257174+09:00,1329990,8
ASUS 젠북 14 UX3405CA-QD1069W,인텔 / 코어 울트라5(S2) / 225H (4.9GHz) / 13TOPS,16GB,SSD 512GB,35.56cm(14인치),1.22kg,"1,460,100원",42몰,https://prod.danawa.com/info/?pcode=106704659&cate=112758,2026-09-28T15:53:07.257174+09:00,1460100,16
MSI 벡터 A16 HX A8WHG-R9 QHD+,AMD / 라이젠9(Zen4) / 8945HX (5.4GHz),16GB,SSD 1TB,40.6cm(16인치),2.7kg,"3,198,000원",5몰,https://prod.danawa.com/info/?pcode=96313874&cate=112758,2026-09-28T15:53:07.257174+09:00,3198000,16
HP HyperX 오멘 16-ap1061AX,AMD / 라이젠9(Zen4) / 8940HX (5.3GHz),24GB,SSD 512GB,40.6cm(16인치),2.47kg,"2,792,000원",28몰,https://prod.danawa.com/info/?pcode=122930324&cate=112758,2026-09-28T15:53:07.257174+09:00,2792000,24
MSI 소드 GF76 HX B14WFK-i7 QHD,인텔 / 코어i7-14세대 / i7-14650HX (5.2GHz),16GB,SSD 512GB,43.9cm(17.3인치),2.7kg,"1,849,000원",25몰,https://prod.danawa.com/info/?pcode=91766357&cate=112758,2026-09-28T15:53:07.257174+09:00,1849000,16
HP 오멘 16-ap0074AX,AMD / 라이젠AI 7 / 350 (5.0GHz) / 50TOPS,32GB,SSD 512GB,40.6cm(16인치),2.45kg,"2,390,000원",16몰,https://prod.danawa.com/info/?pcode=92187689&cate=112758,2026-09-28T15:53:07.257174+09:00,2390000,32
레노버 V15 G5 IRL i5,인텔 / 코어i5-13세대 / i5-13420H (2.1GHz),8GB,SSD 256GB,39.6cm(15.6인치),1.61kg,"708,900원",44몰,https://prod.danawa.com/info/?pcode=98768735&cate=112758,2026-09-28T15:53:07.257174+09:00,708900,8
에이서 스위프트 GO 16 AI SFG16-I71-75Y2,인텔 / 코어 울트라X7(S3) / 358H (4.8GHz) / 50TOPS,16GB,SSD 512GB,40.6cm(16인치),1.36kg,"2,168,000원",16몰,https://prod.danawa.com/info/?pcode=122619357&cate=112758,2026-09-28T15:53:07.257174+09:00,2168000,16
LG전자 울트라PC 15UD50T-GX5JK,인텔 / 코어i5-13세대 / i5-1334U (1.3GHz),8GB,SSD 256GB,39.6cm(15.6인치),1.7kg,"898,260원",130몰,https://prod.danawa.com/info/?pcode=70102928&cate=112758,2026-09-28T15:53:07.257174+09:00,898260,8
LG전자 그램북 16UD55U-GX5JK,AMD / 라이젠AI 5 / 430 (4.5GHz) / 50TOPS,16GB,SSD 256GB,40.6cm(16인치),1.74kg,"1,197,210원",87몰,https://prod.danawa.com/info/?pcode=122627065&cate=112758,2026-09-28T15:53:07.257174+09:00,1197210,16
레노버 LOQ 15AHP11 83TN000JKR,AMD / 라이젠7(Zen4) / 250 (5.1GHz) / 16TOPS,16GB,SSD 512GB,38.9cm(15.3인치),2.1kg,"1,899,000원",19몰,https://prod.danawa.com/info/?pcode=122645137&cate=112758,2026-09-28T15:53:07.257174+09:00,1899000,16
에이서 니트로 16S AI AN16S-61-R96T,AMD / 라이젠AI 7 / 350 (5.0GHz) / 50TOPS,32GB,SSD 1TB,40.8cm(16인치),2.18kg,"2,289,000원",22몰,https://prod.danawa.com/info/?pcode=98409974&cate=112758,2026-09-28T15:53:07.257174+09:00,2289000,32
LG전자 그램북 16U55U-GSOWK,AMD / 라이젠AI 5 / 430 (4.5GHz) / 50TOPS,16GB,SSD 256GB,40.6cm(16인치),1.74kg,"1,228,990원",98몰,https://prod.danawa.com/info/?pcode=122624573&cate=112758,2026-09-28T15:53:07.257174+09:00,1228990,16
MSI 모던시리즈 모던 A15 AI+ F3HMG R5,AMD / 라이젠AI 5 / 330 (4.5GHz) / 50TOPS,16GB,SSD 512GB,39.6cm(15.6인치),1.6kg,"899,000원",34몰,https://prod.danawa.com/info/?pcode=109598213&cate=112758,2026-09-28T15:53:07.257174+09:00,899000,16
ASUS TUF Gaming A14 FA401UM-RG007,AMD / 라이젠7(Zen4) / 260 (5.1GHz) / 16TOPS,32GB,SSD 512GB,35.56cm(14인치),1.46kg,"2,468,000원",31몰,https://prod.danawa.com/info/?pcode=92886116&cate=112758,2026-09-28T15:53:07.257174+09:00,2468000,32
LG전자 그램북 15UD50U-GX5JK WIN11 16GB램,인텔 / 코어 울트라5 / 115U (4.2GHz) / 21TOPS,16GB,SSD 256GB,39.6cm(15.6인치),1.7kg,"1,104,260원",127몰,https://prod.danawa.com/info/?pcode=104547293&cate=112758,2026-09-28T15:53:07.257174+09:00,1104260,16
HP 15-fc1061AU,AMD / 라이젠5(Zen3+) / 7535HS (3.3GHz),16GB,SSD 512GB,39.6cm(15.6인치),1.59kg,"909,000원",50몰,https://prod.danawa.com/info/?pcode=103520057&cate=112758,2026-09-28T15:53:07.257174+09:00,909000,16
MSI 펄스 A17 AI+ C3HWFKG-R7 QHD+,AMD / 라이젠AI 7 / 350 (5.0GHz) / 50TOPS,16GB,SSD 512GB,43.1cm(17인치),2.8kg,"1,898,990원",34몰,https://prod.danawa.com/info/?pcode=122626964&cate=112758,2026-09-28T15:53:07.257174+09:00,1898990,16
MSI 크로스헤어 16 Max HX E2WGXK-U9+ QHD+ OLED,인텔 / 코어 울트라9(S2) / 290HX Plus (5.5GHz) / 13TOPS,16GB,SSD 1TB,40.6cm(16인치),2.2kg,"3,428,990원",19몰,https://prod.danawa.com/info/?pcode=122656006&cate=112758,2026-09-28T15:53:07.257174+09:00,3428990,16
HP HyperX 오멘 15-gb0043AX,AMD / 라이젠7(Zen4) / 260 (5.1GHz) / 16TOPS,24GB,SSD 1TB,38.9cm(15.3인치),2.42kg,"1,849,000원",41몰,https://prod.danawa.com/info/?pcode=104225345&cate=112758,2026-09-28T15:53:07.257174+09:00,1849000,24
MSI 크로스헤어 16 HX E14WGK-i9 QHD+,인텔 / 코어i9-14세대 / i9-14900HX (5.8GHz),16GB,SSD 1TB,40.6cm(16인치),2.3kg,"2,799,000원",19몰,https://prod.danawa.com/info/?pcode=122651212&cate=112758,2026-09-28T15:53:07.257174+09:00,2799000,16
HP 15-fc1061AU WIN11,AMD / 라이젠5(Zen3+) / 7535HS (3.3GHz),16GB,SSD 512GB,39.6cm(15.6인치),1.59kg,"877,000원",61몰,https://prod.danawa.com/info/?pcode=104980718&cate=112758,2026-09-28T15:53:07.257174+09:00,877000,16
LG전자 2024 그램14 14ZD90S-GX56K WIN11,인텔 / 코어 울트라5 / 125H (4.5GHz) / 11TOPS,16GB,SSD 256GB,35.5cm(14인치),1.12kg,"1,468,990원",94몰,https://prod.danawa.com/info/?pcode=37826933&cate=112758,2026-09-28T15:53:07.257174+09:00,1468990,16
에이서 스위프트 GO 14 AI SFG14-75-508U,인텔 / 코어 울트라5(S2) / 226V (4.5GHz) / 40TOPS,16GB,SSD 512GB,35.56cm(14인치),1.24kg,"1,229,000원",15몰,https://prod.danawa.com/info/?pcode=122620366&cate=112758,2026-09-28T15:53:07.257174+09:00,1229000,16
LG전자 2026 그램 프로16 16Z95U-GS5WK,AMD / 라이젠AI 5 / 435 (4.5GHz) / 50TOPS,16GB,SSD 512GB,40.6cm(16인치),1.199kg,"2,139,490원",195몰,https://prod.danawa.com/info/?pcode=103451483&cate=112758,2026-09-28T15:53:07.257174+09:00,2139490,16
LG전자 2026 그램 프로16 16Z90U-KU7WK,인텔 / 코어 울트라X7(S3) / 358H (4.8GHz) / 47TOPS,32GB,SSD 1TB,40.6cm(16인치),1.19kg,"3,365,980원",166몰,https://prod.danawa.com/info/?pcode=103453760&cate=112758,2026-09-28T15:53:07.257174+09:00,3365980,32
ASUS 비보북 S 14 S5408QA-U1318W,퀄컴 / 스냅드래곤 X / X1-26-100 (3.0GHz) / 45TOPS,8GB,SSD 256GB,35.56cm(14인치),1.28kg,"1,099,000원",2몰,https://prod.danawa.com/info/?pcode=124180298&cate=112758,2026-09-28T15:53:07.257174+09:00,1099000,8
MSI 프레스티지 16 AI+ C3MG-UX9 2.8K OLED,인텔 / 코어 울트라X9(S3) / 388H (5.1GHz) / 50TOPS,32GB,SSD 1TB,40.6cm(16인치),1.59kg,"2,990,880원",15몰,https://prod.danawa.com/info/?pcode=108419633&cate=112758,2026-09-28T15:53:07.257174+09:00,2990880,32
"APPLE 맥북프로14 M5프로 15코어 CPU, 16코어 GPU 블랙",애플(ARM) / M5 Pro,24GB,"램24GB, SSD 1TB",35.9cm(14.2인치),1.6kg,"3,719,440원",19몰,https://prod.danawa.com/info/?pcode=106755434&cate=112758,2026-09-28T15:53:07.257174+09:00,3719440,24
ASUS 비보북 16 M1605NAQ-MB012 WIN11,AMD / 라이젠5(Zen3+) / 150 (4.55GHz),16GB,SSD 512GB,40.6cm(16인치),1.88kg,"899,000원",21몰,https://prod.danawa.com/info/?pcode=104966723&cate=112758,2026-09-28T15:53:07.257174+09:00,899000,16
